"Never Gonna Give You Up","https://www.youtube.com/watch?v=dQw4w9WgXcQ"
"The Coding Train","https://www.youtube.com/watch?v=HerCR8bw_GE"
"Mac & Cheese | Basics with Babish","https://www.youtube.com/watch?v=FUeyrEN14Rk"
"Videos for Cats to Watch - 8 Hour Bird Bonanza","https://www.youtube.com/watch?v=xbs7FT7dXYc"
"The Complete London 2012 Opening Ceremony | London 2012 Olympic Games","https://www.youtube.com/watch?v=4As0e4de-rI"
"Learn Unity - Beginner's Game Development Course","https://www.youtube.com/watch?v=gB1F9G0JXOo"
"Cracking Enigma in 2021 - Computerphile","https://www.youtube.com/watch?v=RzWB5jL5RX0"
"Coding Adventure: Chess AI","https://www.youtube.com/watch?v=U4ogK0MIzqk"
"Coding Adventure: Ant and Slime Simulations","https://www.youtube.com/watch?v=X-iSQQgOd1A"
"Why the Tour de France is so brutal","https://www.youtube.com/watch?v=ZacOS8NBK6U"
